,smirks,parameter,before,after,change
0,"[#6H1X3x2r6+0a:1](-;!@[#1H0X1x0!r+0A])(:;@[#6H0X3x2r6+0a](:;@[#6H1X3x2r6+0a](-;!@[#1H0X1x0!r+0A]):;@[#6H0X3x2r6+0a](:;@[#6H1X3x2r6+0a]-;!@[#1H0X1x0!r+0A])-;!@[#8H0X2x0!r+0A]-;!@[#6H0X3x2r6+0a](:;@[#6H1X3x2r6+0a](-;!@[#1H0X1x0!r+0A]):;@[#6H0X3x2r6+0a](-;!@[#6H0X3x0!r+0A,#8H0X2x0!r+0A]-;!@[#6H3X4x0!r+0A,#8H1X2x0!r+0A]-;!@[#1H0X1x0!r+0A]):;@[#6H1X3x2r6+0a](-;!@[#1H0X1x0!r+0A]):;@[#6H0X3x2r6+0a]-;!@[#6H0X3x0!r+0A,#8H0X2x0!r+0A]-;!@[#6H3X4x0!r+0A,#8H1X2x0!r+0A]-;!@[#1H0X1x0!r+0A]):;@[#6H1X3x2r6+0a]-;!@[#1H0X1x0!r+0A])-;!@[#8H0X2x0!r+0A]-;!@[#6H3X4x0!r+0A](-;!@[#1H0X1x0!r+0A])(-;!@[#1H0X1x0!r+0A])-;!@[#1H0X1x0!r+0A]):;@[#6H0X3x2r6+0a:2]-;!@[#6H3X4x0!r+0A:3](-;!@[#1H0X1x0!r+0A])(-;!@[#1H0X1x0!r+0A])-;!@[#1H0X1x0!r+0A:4]",smirks_0_k1,0.0,0.0,0.0
1,"[#6H1X3x2r6+0a:1](-;!@[#1H0X1x0!r+0A])(:;@[#6H0X3x2r6+0a](:;@[#6H1X3x2r6+0a](-;!@[#1H0X1x0!r+0A]):;@[#6H0X3x2r6+0a](:;@[#6H1X3x2r6+0a]-;!@[#1H0X1x0!r+0A])-;!@[#8H0X2x0!r+0A]-;!@[#6H0X3x2r6+0a](:;@[#6H1X3x2r6+0a](-;!@[#1H0X1x0!r+0A]):;@[#6H0X3x2r6+0a](-;!@[#6H0X3x0!r+0A,#8H0X2x0!r+0A]-;!@[#6H3X4x0!r+0A,#8H1X2x0!r+0A]-;!@[#1H0X1x0!r+0A]):;@[#6H1X3x2r6+0a](-;!@[#1H0X1x0!r+0A]):;@[#6H0X3x2r6+0a]-;!@[#6H0X3x0!r+0A,#8H0X2x0!r+0A]-;!@[#6H3X4x0!r+0A,#8H1X2x0!r+0A]-;!@[#1H0X1x0!r+0A]):;@[#6H1X3x2r6+0a]-;!@[#1H0X1x0!r+0A])-;!@[#8H0X2x0!r+0A]-;!@[#6H3X4x0!r+0A](-;!@[#1H0X1x0!r+0A])(-;!@[#1H0X1x0!r+0A])-;!@[#1H0X1x0!r+0A]):;@[#6H0X3x2r6+0a:2]-;!@[#6H3X4x0!r+0A:3](-;!@[#1H0X1x0!r+0A])(-;!@[#1H0X1x0!r+0A])-;!@[#1H0X1x0!r+0A:4]",smirks_0_k2,0.0,0.0,0.0
2,"[#6H1X3x2r6+0a:1](-;!@[#1H0X1x0!r+0A])(:;@[#6H0X3x2r6+0a](:;@[#6H1X3x2r6+0a](-;!@[#1H0X1x0!r+0A]):;@[#6H0X3x2r6+0a](:;@[#6H1X3x2r6+0a]-;!@[#1H0X1x0!r+0A])-;!@[#8H0X2x0!r+0A]-;!@[#6H0X3x2r6+0a](:;@[#6H1X3x2r6+0a](-;!@[#1H0X1x0!r+0A]):;@[#6H0X3x2r6+0a](-;!@[#6H0X3x0!r+0A,#8H0X2x0!r+0A]-;!@[#6H3X4x0!r+0A,#8H1X2x0!r+0A]-;!@[#1H0X1x0!r+0A]):;@[#6H1X3x2r6+0a](-;!@[#1H0X1x0!r+0A]):;@[#6H0X3x2r6+0a]-;!@[#6H0X3x0!r+0A,#8H0X2x0!r+0A]-;!@[#6H3X4x0!r+0A,#8H1X2x0!r+0A]-;!@[#1H0X1x0!r+0A]):;@[#6H1X3x2r6+0a]-;!@[#1H0X1x0!r+0A])-;!@[#8H0X2x0!r+0A]-;!@[#6H3X4x0!r+0A](-;!@[#1H0X1x0!r+0A])(-;!@[#1H0X1x0!r+0A])-;!@[#1H0X1x0!r+0A]):;@[#6H0X3x2r6+0a:2]-;!@[#6H3X4x0!r+0A:3](-;!@[#1H0X1x0!r+0A])(-;!@[#1H0X1x0!r+0A])-;!@[#1H0X1x0!r+0A:4]",smirks_0_k3,-0.224455748195,-0.224455748195,0.0
3,"[#6H1X3x2r6+0a:1](-;!@[#1H0X1x0!r+0A])(:;@[#6H0X3x2r6+0a](:;@[#6H1X3x2r6+0a](-;!@[#1H0X1x0!r+0A]):;@[#6H0X3x2r6+0a](:;@[#6H1X3x2r6+0a]-;!@[#1H0X1x0!r+0A])-;!@[#8H0X2x0!r+0A]-;!@[#6H0X3x2r6+0a](:;@[#6H1X3x2r6+0a](-;!@[#1H0X1x0!r+0A]):;@[#6H0X3x2r6+0a](-;!@[#6H0X3x0!r+0A,#8H0X2x0!r+0A]-;!@[#6H3X4x0!r+0A,#8H1X2x0!r+0A]-;!@[#1H0X1x0!r+0A]):;@[#6H1X3x2r6+0a](-;!@[#1H0X1x0!r+0A]):;@[#6H0X3x2r6+0a]-;!@[#6H0X3x0!r+0A,#8H0X2x0!r+0A]-;!@[#6H3X4x0!r+0A,#8H1X2x0!r+0A]-;!@[#1H0X1x0!r+0A]):;@[#6H1X3x2r6+0a]-;!@[#1H0X1x0!r+0A])-;!@[#8H0X2x0!r+0A]-;!@[#6H3X4x0!r+0A](-;!@[#1H0X1x0!r+0A])(-;!@[#1H0X1x0!r+0A])-;!@[#1H0X1x0!r+0A]):;@[#6H0X3x2r6+0a:2]-;!@[#6H3X4x0!r+0A:3](-;!@[#1H0X1x0!r+0A])(-;!@[#1H0X1x0!r+0A])-;!@[#1H0X1x0!r+0A:4]",smirks_0_k4,0.0,0.0,0.0
4,"[#6H1X3x2r6+0a:1](-;!@[#1H0X1x0!r+0A])(:;@[#6H0X3x2r6+0a](:;@[#6H1X3x2r6+0a](-;!@[#1H0X1x0!r+0A]):;@[#6H0X3x2r6+0a](:;@[#6H1X3x2r6+0a]-;!@[#1H0X1x0!r+0A])-;!@[#8H0X2x0!r+0A]-;!@[#6H3X4x0!r+0A](-;!@[#1H0X1x0!r+0A])(-;!@[#1H0X1x0!r+0A])-;!@[#1H0X1x0!r+0A])-;!@[#8H0X2x0!r+0A]-;!@[#6H0X3x2r6+0a](:;@[#6H1X3x2r6+0a](-;!@[#1H0X1x0!r+0A]):;@[#6H0X3x2r6+0a](-;!@[#6H0X3x0!r+0A,#8H0X2x0!r+0A]-;!@[#6H3X4x0!r+0A,#8H1X2x0!r+0A]-;!@[#1H0X1x0!r+0A]):;@[#6H1X3x2r6+0a](-;!@[#1H0X1x0!r+0A]):;@[#6H0X3x2r6+0a]-;!@[#6H0X3x0!r+0A,#8H0X2x0!r+0A]-;!@[#6H3X4x0!r+0A,#8H1X2x0!r+0A]-;!@[#1H0X1x0!r+0A]):;@[#6H1X3x2r6+0a]-;!@[#1H0X1x0!r+0A]):;@[#6H0X3x2r6+0a:2]-;!@[#6H3X4x0!r+0A:3](-;!@[#1H0X1x0!r+0A])(-;!@[#1H0X1x0!r+0A])-;!@[#1H0X1x0!r+0A:4]",smirks_1_k1,0.0,0.0,0.0
5,"[#6H1X3x2r6+0a:1](-;!@[#1H0X1x0!r+0A])(:;@[#6H0X3x2r6+0a](:;@[#6H1X3x2r6+0a](-;!@[#1H0X1x0!r+0A]):;@[#6H0X3x2r6+0a](:;@[#6H1X3x2r6+0a]-;!@[#1H0X1x0!r+0A])-;!@[#8H0X2x0!r+0A]-;!@[#6H3X4x0!r+0A](-;!@[#1H0X1x0!r+0A])(-;!@[#1H0X1x0!r+0A])-;!@[#1H0X1x0!r+0A])-;!@[#8H0X2x0!r+0A]-;!@[#6H0X3x2r6+0a](:;@[#6H1X3x2r6+0a](-;!@[#1H0X1x0!r+0A]):;@[#6H0X3x2r6+0a](-;!@[#6H0X3x0!r+0A,#8H0X2x0!r+0A]-;!@[#6H3X4x0!r+0A,#8H1X2x0!r+0A]-;!@[#1H0X1x0!r+0A]):;@[#6H1X3x2r6+0a](-;!@[#1H0X1x0!r+0A]):;@[#6H0X3x2r6+0a]-;!@[#6H0X3x0!r+0A,#8H0X2x0!r+0A]-;!@[#6H3X4x0!r+0A,#8H1X2x0!r+0A]-;!@[#1H0X1x0!r+0A]):;@[#6H1X3x2r6+0a]-;!@[#1H0X1x0!r+0A]):;@[#6H0X3x2r6+0a:2]-;!@[#6H3X4x0!r+0A:3](-;!@[#1H0X1x0!r+0A])(-;!@[#1H0X1x0!r+0A])-;!@[#1H0X1x0!r+0A:4]",smirks_1_k2,0.0,0.0,0.0
6,"[#6H1X3x2r6+0a:1](-;!@[#1H0X1x0!r+0A])(:;@[#6H0X3x2r6+0a](:;@[#6H1X3x2r6+0a](-;!@[#1H0X1x0!r+0A]):;@[#6H0X3x2r6+0a](:;@[#6H1X3x2r6+0a]-;!@[#1H0X1x0!r+0A])-;!@[#8H0X2x0!r+0A]-;!@[#6H3X4x0!r+0A](-;!@[#1H0X1x0!r+0A])(-;!@[#1H0X1x0!r+0A])-;!@[#1H0X1x0!r+0A])-;!@[#8H0X2x0!r+0A]-;!@[#6H0X3x2r6+0a](:;@[#6H1X3x2r6+0a](-;!@[#1H0X1x0!r+0A]):;@[#6H0X3x2r6+0a](-;!@[#6H0X3x0!r+0A,#8H0X2x0!r+0A]-;!@[#6H3X4x0!r+0A,#8H1X2x0!r+0A]-;!@[#1H0X1x0!r+0A]):;@[#6H1X3x2r6+0a](-;!@[#1H0X1x0!r+0A]):;@[#6H0X3x2r6+0a]-;!@[#6H0X3x0!r+0A,#8H0X2x0!r+0A]-;!@[#6H3X4x0!r+0A,#8H1X2x0!r+0A]-;!@[#1H0X1x0!r+0A]):;@[#6H1X3x2r6+0a]-;!@[#1H0X1x0!r+0A]):;@[#6H0X3x2r6+0a:2]-;!@[#6H3X4x0!r+0A:3](-;!@[#1H0X1x0!r+0A])(-;!@[#1H0X1x0!r+0A])-;!@[#1H0X1x0!r+0A:4]",smirks_1_k3,-0.224455748195,-0.224455748195,0.0
7,"[#6H1X3x2r6+0a:1](-;!@[#1H0X1x0!r+0A])(:;@[#6H0X3x2r6+0a](:;@[#6H1X3x2r6+0a](-;!@[#1H0X1x0!r+0A]):;@[#6H0X3x2r6+0a](:;@[#6H1X3x2r6+0a]-;!@[#1H0X1x0!r+0A])-;!@[#8H0X2x0!r+0A]-;!@[#6H3X4x0!r+0A](-;!@[#1H0X1x0!r+0A])(-;!@[#1H0X1x0!r+0A])-;!@[#1H0X1x0!r+0A])-;!@[#8H0X2x0!r+0A]-;!@[#6H0X3x2r6+0a](:;@[#6H1X3x2r6+0a](-;!@[#1H0X1x0!r+0A]):;@[#6H0X3x2r6+0a](-;!@[#6H0X3x0!r+0A,#8H0X2x0!r+0A]-;!@[#6H3X4x0!r+0A,#8H1X2x0!r+0A]-;!@[#1H0X1x0!r+0A]):;@[#6H1X3x2r6+0a](-;!@[#1H0X1x0!r+0A]):;@[#6H0X3x2r6+0a]-;!@[#6H0X3x0!r+0A,#8H0X2x0!r+0A]-;!@[#6H3X4x0!r+0A,#8H1X2x0!r+0A]-;!@[#1H0X1x0!r+0A]):;@[#6H1X3x2r6+0a]-;!@[#1H0X1x0!r+0A]):;@[#6H0X3x2r6+0a:2]-;!@[#6H3X4x0!r+0A:3](-;!@[#1H0X1x0!r+0A])(-;!@[#1H0X1x0!r+0A])-;!@[#1H0X1x0!r+0A:4]",smirks_1_k4,0.0,0.0,0.0
8,"[#6H0X3x2r6+0a:1](:;@[#6H1X3x2r6+0a](-;!@[#1H0X1x0!r+0A]):;@[#6H0X3x2r6+0a](-;!@[#6H0X3x0!r+0A,#8H0X2x0!r+0A]-;!@[#6H0X3x2r6+0a,#8H1X2x0!r+0A]-,:[#1H0X1x0!r+0A,#6H1X3x2r6+0a]):;@[#6H1X3x2r6+0a](-;!@[#1H0X1x0!r+0A]):;@[#6H0X3x2r6+0a]-;!@[#6H0X3x0!r+0A,#8H0X2x0!r+0A]-;!@[#6H0X3x2r6+0a,#8H1X2x0!r+0A]-,:[#1H0X1x0!r+0A,#6H1X3x2r6+0a])(:;@[#6H1X3x2r6+0a]-;!@[#1H0X1x0!r+0A])-;!@[#8H0X2x0!r+0A:2]-;!@[#6H3X4x0!r+0A:3](-;!@[#1H0X1x0!r+0A])(-;!@[#1H0X1x0!r+0A])-;!@[#1H0X1x0!r+0A:4]",smirks_2_k1,0.0,0.0,0.0
9,"[#6H0X3x2r6+0a:1](:;@[#6H1X3x2r6+0a](-;!@[#1H0X1x0!r+0A]):;@[#6H0X3x2r6+0a](-;!@[#6H0X3x0!r+0A,#8H0X2x0!r+0A]-;!@[#6H0X3x2r6+0a,#8H1X2x0!r+0A]-,:[#1H0X1x0!r+0A,#6H1X3x2r6+0a]):;@[#6H1X3x2r6+0a](-;!@[#1H0X1x0!r+0A]):;@[#6H0X3x2r6+0a]-;!@[#6H0X3x0!r+0A,#8H0X2x0!r+0A]-;!@[#6H0X3x2r6+0a,#8H1X2x0!r+0A]-,:[#1H0X1x0!r+0A,#6H1X3x2r6+0a])(:;@[#6H1X3x2r6+0a]-;!@[#1H0X1x0!r+0A])-;!@[#8H0X2x0!r+0A:2]-;!@[#6H3X4x0!r+0A:3](-;!@[#1H0X1x0!r+0A])(-;!@[#1H0X1x0!r+0A])-;!@[#1H0X1x0!r+0A:4]",smirks_2_k2,0.0,0.0,0.0
10,"[#6H0X3x2r6+0a:1](:;@[#6H1X3x2r6+0a](-;!@[#1H0X1x0!r+0A]):;@[#6H0X3x2r6+0a](-;!@[#6H0X3x0!r+0A,#8H0X2x0!r+0A]-;!@[#6H0X3x2r6+0a,#8H1X2x0!r+0A]-,:[#1H0X1x0!r+0A,#6H1X3x2r6+0a]):;@[#6H1X3x2r6+0a](-;!@[#1H0X1x0!r+0A]):;@[#6H0X3x2r6+0a]-;!@[#6H0X3x0!r+0A,#8H0X2x0!r+0A]-;!@[#6H0X3x2r6+0a,#8H1X2x0!r+0A]-,:[#1H0X1x0!r+0A,#6H1X3x2r6+0a])(:;@[#6H1X3x2r6+0a]-;!@[#1H0X1x0!r+0A])-;!@[#8H0X2x0!r+0A:2]-;!@[#6H3X4x0!r+0A:3](-;!@[#1H0X1x0!r+0A])(-;!@[#1H0X1x0!r+0A])-;!@[#1H0X1x0!r+0A:4]",smirks_2_k3,-0.1559345915417,-0.1559345915417,0.0
11,"[#6H0X3x2r6+0a:1](:;@[#6H1X3x2r6+0a](-;!@[#1H0X1x0!r+0A]):;@[#6H0X3x2r6+0a](-;!@[#6H0X3x0!r+0A,#8H0X2x0!r+0A]-;!@[#6H0X3x2r6+0a,#8H1X2x0!r+0A]-,:[#1H0X1x0!r+0A,#6H1X3x2r6+0a]):;@[#6H1X3x2r6+0a](-;!@[#1H0X1x0!r+0A]):;@[#6H0X3x2r6+0a]-;!@[#6H0X3x0!r+0A,#8H0X2x0!r+0A]-;!@[#6H0X3x2r6+0a,#8H1X2x0!r+0A]-,:[#1H0X1x0!r+0A,#6H1X3x2r6+0a])(:;@[#6H1X3x2r6+0a]-;!@[#1H0X1x0!r+0A])-;!@[#8H0X2x0!r+0A:2]-;!@[#6H3X4x0!r+0A:3](-;!@[#1H0X1x0!r+0A])(-;!@[#1H0X1x0!r+0A])-;!@[#1H0X1x0!r+0A:4]",smirks_2_k4,0.0,0.0,0.0
12,[#6H0X3x2r6+0a:1](:;@[#6H1X3x2r6+0a](-;!@[#1H0X1x0!r+0A]):;@[#6H0X3x2r6+0a](-;!@[#6H0X3x0!r+0A](=;!@[#8H0X1x0!r+0A])-;!@[#8H1X2x0!r+0A]-;!@[#1H0X1x0!r+0A]):;@[#6H1X3x2r6+0a](-;!@[#1H0X1x0!r+0A]):;@[#6H0X3x2r6+0a]-;!@[#8H0X2x0!r+0A]-;!@[#6H3X4x0!r+0A](-;!@[#1H0X1x0!r+0A])(-;!@[#1H0X1x0!r+0A])-;!@[#1H0X1x0!r+0A])(:;@[#6H1X3x2r6+0a]-;!@[#1H0X1x0!r+0A])-;!@[#8H0X2x0!r+0A:2]-;!@[#6H0X3x2r6+0a:3](:;@[#6H1X3x2r6+0a](-;!@[#1H0X1x0!r+0A]):;@[#6H0X3x2r6+0a](:;@[#6H1X3x2r6+0a](-;!@[#1H0X1x0!r+0A]):;@[#6H0X3x2r6+0a]-;!@[#6H3X4x0!r+0A](-;!@[#1H0X1x0!r+0A])(-;!@[#1H0X1x0!r+0A])-;!@[#1H0X1x0!r+0A])-;!@[#8H0X2x0!r+0A]-;!@[#6H3X4x0!r+0A](-;!@[#1H0X1x0!r+0A])(-;!@[#1H0X1x0!r+0A])-;!@[#1H0X1x0!r+0A]):;@[#6H1X3x2r6+0a:4]-;!@[#1H0X1x0!r+0A],smirks_3_k1,0.0,0.0,0.0
13,[#6H0X3x2r6+0a:1](:;@[#6H1X3x2r6+0a](-;!@[#1H0X1x0!r+0A]):;@[#6H0X3x2r6+0a](-;!@[#6H0X3x0!r+0A](=;!@[#8H0X1x0!r+0A])-;!@[#8H1X2x0!r+0A]-;!@[#1H0X1x0!r+0A]):;@[#6H1X3x2r6+0a](-;!@[#1H0X1x0!r+0A]):;@[#6H0X3x2r6+0a]-;!@[#8H0X2x0!r+0A]-;!@[#6H3X4x0!r+0A](-;!@[#1H0X1x0!r+0A])(-;!@[#1H0X1x0!r+0A])-;!@[#1H0X1x0!r+0A])(:;@[#6H1X3x2r6+0a]-;!@[#1H0X1x0!r+0A])-;!@[#8H0X2x0!r+0A:2]-;!@[#6H0X3x2r6+0a:3](:;@[#6H1X3x2r6+0a](-;!@[#1H0X1x0!r+0A]):;@[#6H0X3x2r6+0a](:;@[#6H1X3x2r6+0a](-;!@[#1H0X1x0!r+0A]):;@[#6H0X3x2r6+0a]-;!@[#6H3X4x0!r+0A](-;!@[#1H0X1x0!r+0A])(-;!@[#1H0X1x0!r+0A])-;!@[#1H0X1x0!r+0A])-;!@[#8H0X2x0!r+0A]-;!@[#6H3X4x0!r+0A](-;!@[#1H0X1x0!r+0A])(-;!@[#1H0X1x0!r+0A])-;!@[#1H0X1x0!r+0A]):;@[#6H1X3x2r6+0a:4]-;!@[#1H0X1x0!r+0A],smirks_3_k2,1.346955794203,1.346955794203,0.0
14,[#6H0X3x2r6+0a:1](:;@[#6H1X3x2r6+0a](-;!@[#1H0X1x0!r+0A]):;@[#6H0X3x2r6+0a](-;!@[#6H0X3x0!r+0A](=;!@[#8H0X1x0!r+0A])-;!@[#8H1X2x0!r+0A]-;!@[#1H0X1x0!r+0A]):;@[#6H1X3x2r6+0a](-;!@[#1H0X1x0!r+0A]):;@[#6H0X3x2r6+0a]-;!@[#8H0X2x0!r+0A]-;!@[#6H3X4x0!r+0A](-;!@[#1H0X1x0!r+0A])(-;!@[#1H0X1x0!r+0A])-;!@[#1H0X1x0!r+0A])(:;@[#6H1X3x2r6+0a]-;!@[#1H0X1x0!r+0A])-;!@[#8H0X2x0!r+0A:2]-;!@[#6H0X3x2r6+0a:3](:;@[#6H1X3x2r6+0a](-;!@[#1H0X1x0!r+0A]):;@[#6H0X3x2r6+0a](:;@[#6H1X3x2r6+0a](-;!@[#1H0X1x0!r+0A]):;@[#6H0X3x2r6+0a]-;!@[#6H3X4x0!r+0A](-;!@[#1H0X1x0!r+0A])(-;!@[#1H0X1x0!r+0A])-;!@[#1H0X1x0!r+0A])-;!@[#8H0X2x0!r+0A]-;!@[#6H3X4x0!r+0A](-;!@[#1H0X1x0!r+0A])(-;!@[#1H0X1x0!r+0A])-;!@[#1H0X1x0!r+0A]):;@[#6H1X3x2r6+0a:4]-;!@[#1H0X1x0!r+0A],smirks_3_k3,0.0,0.0,0.0
15,[#6H0X3x2r6+0a:1](:;@[#6H1X3x2r6+0a](-;!@[#1H0X1x0!r+0A]):;@[#6H0X3x2r6+0a](-;!@[#6H0X3x0!r+0A](=;!@[#8H0X1x0!r+0A])-;!@[#8H1X2x0!r+0A]-;!@[#1H0X1x0!r+0A]):;@[#6H1X3x2r6+0a](-;!@[#1H0X1x0!r+0A]):;@[#6H0X3x2r6+0a]-;!@[#8H0X2x0!r+0A]-;!@[#6H3X4x0!r+0A](-;!@[#1H0X1x0!r+0A])(-;!@[#1H0X1x0!r+0A])-;!@[#1H0X1x0!r+0A])(:;@[#6H1X3x2r6+0a]-;!@[#1H0X1x0!r+0A])-;!@[#8H0X2x0!r+0A:2]-;!@[#6H0X3x2r6+0a:3](:;@[#6H1X3x2r6+0a](-;!@[#1H0X1x0!r+0A]):;@[#6H0X3x2r6+0a](:;@[#6H1X3x2r6+0a](-;!@[#1H0X1x0!r+0A]):;@[#6H0X3x2r6+0a]-;!@[#6H3X4x0!r+0A](-;!@[#1H0X1x0!r+0A])(-;!@[#1H0X1x0!r+0A])-;!@[#1H0X1x0!r+0A])-;!@[#8H0X2x0!r+0A]-;!@[#6H3X4x0!r+0A](-;!@[#1H0X1x0!r+0A])(-;!@[#1H0X1x0!r+0A])-;!@[#1H0X1x0!r+0A]):;@[#6H1X3x2r6+0a:4]-;!@[#1H0X1x0!r+0A],smirks_3_k4,0.0,0.0,0.0
16,[#6H0X3x2r6+0a:1](:;@[#6H1X3x2r6+0a](-;!@[#1H0X1x0!r+0A]):;@[#6H0X3x2r6+0a](-;!@[#6H0X3x0!r+0A](=;!@[#8H0X1x0!r+0A])-;!@[#8H1X2x0!r+0A]-;!@[#1H0X1x0!r+0A]):;@[#6H1X3x2r6+0a](-;!@[#1H0X1x0!r+0A]):;@[#6H0X3x2r6+0a]-;!@[#8H0X2x0!r+0A]-;!@[#6H3X4x0!r+0A](-;!@[#1H0X1x0!r+0A])(-;!@[#1H0X1x0!r+0A])-;!@[#1H0X1x0!r+0A])(:;@[#6H1X3x2r6+0a]-;!@[#1H0X1x0!r+0A])-;!@[#8H0X2x0!r+0A:2]-;!@[#6H0X3x2r6+0a:3](:;@[#6H1X3x2r6+0a](-;!@[#1H0X1x0!r+0A]):;@[#6H0X3x2r6+0a](:;@[#6H1X3x2r6+0a](-;!@[#1H0X1x0!r+0A]):;@[#6H0X3x2r6+0a]-;!@[#8H0X2x0!r+0A]-;!@[#6H3X4x0!r+0A](-;!@[#1H0X1x0!r+0A])(-;!@[#1H0X1x0!r+0A])-;!@[#1H0X1x0!r+0A])-;!@[#6H3X4x0!r+0A](-;!@[#1H0X1x0!r+0A])(-;!@[#1H0X1x0!r+0A])-;!@[#1H0X1x0!r+0A]):;@[#6H1X3x2r6+0a:4]-;!@[#1H0X1x0!r+0A],smirks_4_k1,0.0,0.0,0.0
17,[#6H0X3x2r6+0a:1](:;@[#6H1X3x2r6+0a](-;!@[#1H0X1x0!r+0A]):;@[#6H0X3x2r6+0a](-;!@[#6H0X3x0!r+0A](=;!@[#8H0X1x0!r+0A])-;!@[#8H1X2x0!r+0A]-;!@[#1H0X1x0!r+0A]):;@[#6H1X3x2r6+0a](-;!@[#1H0X1x0!r+0A]):;@[#6H0X3x2r6+0a]-;!@[#8H0X2x0!r+0A]-;!@[#6H3X4x0!r+0A](-;!@[#1H0X1x0!r+0A])(-;!@[#1H0X1x0!r+0A])-;!@[#1H0X1x0!r+0A])(:;@[#6H1X3x2r6+0a]-;!@[#1H0X1x0!r+0A])-;!@[#8H0X2x0!r+0A:2]-;!@[#6H0X3x2r6+0a:3](:;@[#6H1X3x2r6+0a](-;!@[#1H0X1x0!r+0A]):;@[#6H0X3x2r6+0a](:;@[#6H1X3x2r6+0a](-;!@[#1H0X1x0!r+0A]):;@[#6H0X3x2r6+0a]-;!@[#8H0X2x0!r+0A]-;!@[#6H3X4x0!r+0A](-;!@[#1H0X1x0!r+0A])(-;!@[#1H0X1x0!r+0A])-;!@[#1H0X1x0!r+0A])-;!@[#6H3X4x0!r+0A](-;!@[#1H0X1x0!r+0A])(-;!@[#1H0X1x0!r+0A])-;!@[#1H0X1x0!r+0A]):;@[#6H1X3x2r6+0a:4]-;!@[#1H0X1x0!r+0A],smirks_4_k2,1.346955794203,1.346955794203,0.0
18,[#6H0X3x2r6+0a:1](:;@[#6H1X3x2r6+0a](-;!@[#1H0X1x0!r+0A]):;@[#6H0X3x2r6+0a](-;!@[#6H0X3x0!r+0A](=;!@[#8H0X1x0!r+0A])-;!@[#8H1X2x0!r+0A]-;!@[#1H0X1x0!r+0A]):;@[#6H1X3x2r6+0a](-;!@[#1H0X1x0!r+0A]):;@[#6H0X3x2r6+0a]-;!@[#8H0X2x0!r+0A]-;!@[#6H3X4x0!r+0A](-;!@[#1H0X1x0!r+0A])(-;!@[#1H0X1x0!r+0A])-;!@[#1H0X1x0!r+0A])(:;@[#6H1X3x2r6+0a]-;!@[#1H0X1x0!r+0A])-;!@[#8H0X2x0!r+0A:2]-;!@[#6H0X3x2r6+0a:3](:;@[#6H1X3x2r6+0a](-;!@[#1H0X1x0!r+0A]):;@[#6H0X3x2r6+0a](:;@[#6H1X3x2r6+0a](-;!@[#1H0X1x0!r+0A]):;@[#6H0X3x2r6+0a]-;!@[#8H0X2x0!r+0A]-;!@[#6H3X4x0!r+0A](-;!@[#1H0X1x0!r+0A])(-;!@[#1H0X1x0!r+0A])-;!@[#1H0X1x0!r+0A])-;!@[#6H3X4x0!r+0A](-;!@[#1H0X1x0!r+0A])(-;!@[#1H0X1x0!r+0A])-;!@[#1H0X1x0!r+0A]):;@[#6H1X3x2r6+0a:4]-;!@[#1H0X1x0!r+0A],smirks_4_k3,0.0,0.0,0.0
19,[#6H0X3x2r6+0a:1](:;@[#6H1X3x2r6+0a](-;!@[#1H0X1x0!r+0A]):;@[#6H0X3x2r6+0a](-;!@[#6H0X3x0!r+0A](=;!@[#8H0X1x0!r+0A])-;!@[#8H1X2x0!r+0A]-;!@[#1H0X1x0!r+0A]):;@[#6H1X3x2r6+0a](-;!@[#1H0X1x0!r+0A]):;@[#6H0X3x2r6+0a]-;!@[#8H0X2x0!r+0A]-;!@[#6H3X4x0!r+0A](-;!@[#1H0X1x0!r+0A])(-;!@[#1H0X1x0!r+0A])-;!@[#1H0X1x0!r+0A])(:;@[#6H1X3x2r6+0a]-;!@[#1H0X1x0!r+0A])-;!@[#8H0X2x0!r+0A:2]-;!@[#6H0X3x2r6+0a:3](:;@[#6H1X3x2r6+0a](-;!@[#1H0X1x0!r+0A]):;@[#6H0X3x2r6+0a](:;@[#6H1X3x2r6+0a](-;!@[#1H0X1x0!r+0A]):;@[#6H0X3x2r6+0a]-;!@[#8H0X2x0!r+0A]-;!@[#6H3X4x0!r+0A](-;!@[#1H0X1x0!r+0A])(-;!@[#1H0X1x0!r+0A])-;!@[#1H0X1x0!r+0A])-;!@[#6H3X4x0!r+0A](-;!@[#1H0X1x0!r+0A])(-;!@[#1H0X1x0!r+0A])-;!@[#1H0X1x0!r+0A]):;@[#6H1X3x2r6+0a:4]-;!@[#1H0X1x0!r+0A],smirks_4_k4,0.0,0.0,0.0
20,[#6H1X3x2r6+0a:1](-;!@[#1H0X1x0!r+0A])(:;@[#6H0X3x2r6+0a](-;!@[#6H0X3x0!r+0A](=;!@[#8H0X1x0!r+0A])-;!@[#8H1X2x0!r+0A]-;!@[#1H0X1x0!r+0A]):;@[#6H1X3x2r6+0a](-;!@[#1H0X1x0!r+0A]):;@[#6H0X3x2r6+0a](:;@[#6H1X3x2r6+0a]-;!@[#1H0X1x0!r+0A])-;!@[#8H0X2x0!r+0A]-;!@[#6H0X3x2r6+0a](:;@[#6H1X3x2r6+0a](-;!@[#1H0X1x0!r+0A]):;@[#6H0X3x2r6+0a](:;@[#6H1X3x2r6+0a](-;!@[#1H0X1x0!r+0A]):;@[#6H0X3x2r6+0a]-;!@[#6H3X4x0!r+0A](-;!@[#1H0X1x0!r+0A])(-;!@[#1H0X1x0!r+0A])-;!@[#1H0X1x0!r+0A])-;!@[#8H0X2x0!r+0A]-;!@[#6H3X4x0!r+0A](-;!@[#1H0X1x0!r+0A])(-;!@[#1H0X1x0!r+0A])-;!@[#1H0X1x0!r+0A]):;@[#6H1X3x2r6+0a]-;!@[#1H0X1x0!r+0A]):;@[#6H0X3x2r6+0a:2]-;!@[#8H0X2x0!r+0A:3]-;!@[#6H3X4x0!r+0A:4](-;!@[#1H0X1x0!r+0A])(-;!@[#1H0X1x0!r+0A])-;!@[#1H0X1x0!r+0A],smirks_5_k1,0.0,0.0,0.0
21,[#6H1X3x2r6+0a:1](-;!@[#1H0X1x0!r+0A])(:;@[#6H0X3x2r6+0a](-;!@[#6H0X3x0!r+0A](=;!@[#8H0X1x0!r+0A])-;!@[#8H1X2x0!r+0A]-;!@[#1H0X1x0!r+0A]):;@[#6H1X3x2r6+0a](-;!@[#1H0X1x0!r+0A]):;@[#6H0X3x2r6+0a](:;@[#6H1X3x2r6+0a]-;!@[#1H0X1x0!r+0A])-;!@[#8H0X2x0!r+0A]-;!@[#6H0X3x2r6+0a](:;@[#6H1X3x2r6+0a](-;!@[#1H0X1x0!r+0A]):;@[#6H0X3x2r6+0a](:;@[#6H1X3x2r6+0a](-;!@[#1H0X1x0!r+0A]):;@[#6H0X3x2r6+0a]-;!@[#6H3X4x0!r+0A](-;!@[#1H0X1x0!r+0A])(-;!@[#1H0X1x0!r+0A])-;!@[#1H0X1x0!r+0A])-;!@[#8H0X2x0!r+0A]-;!@[#6H3X4x0!r+0A](-;!@[#1H0X1x0!r+0A])(-;!@[#1H0X1x0!r+0A])-;!@[#1H0X1x0!r+0A]):;@[#6H1X3x2r6+0a]-;!@[#1H0X1x0!r+0A]):;@[#6H0X3x2r6+0a:2]-;!@[#8H0X2x0!r+0A:3]-;!@[#6H3X4x0!r+0A:4](-;!@[#1H0X1x0!r+0A])(-;!@[#1H0X1x0!r+0A])-;!@[#1H0X1x0!r+0A],smirks_5_k2,1.346955794203,1.346955794203,0.0
22,[#6H1X3x2r6+0a:1](-;!@[#1H0X1x0!r+0A])(:;@[#6H0X3x2r6+0a](-;!@[#6H0X3x0!r+0A](=;!@[#8H0X1x0!r+0A])-;!@[#8H1X2x0!r+0A]-;!@[#1H0X1x0!r+0A]):;@[#6H1X3x2r6+0a](-;!@[#1H0X1x0!r+0A]):;@[#6H0X3x2r6+0a](:;@[#6H1X3x2r6+0a]-;!@[#1H0X1x0!r+0A])-;!@[#8H0X2x0!r+0A]-;!@[#6H0X3x2r6+0a](:;@[#6H1X3x2r6+0a](-;!@[#1H0X1x0!r+0A]):;@[#6H0X3x2r6+0a](:;@[#6H1X3x2r6+0a](-;!@[#1H0X1x0!r+0A]):;@[#6H0X3x2r6+0a]-;!@[#6H3X4x0!r+0A](-;!@[#1H0X1x0!r+0A])(-;!@[#1H0X1x0!r+0A])-;!@[#1H0X1x0!r+0A])-;!@[#8H0X2x0!r+0A]-;!@[#6H3X4x0!r+0A](-;!@[#1H0X1x0!r+0A])(-;!@[#1H0X1x0!r+0A])-;!@[#1H0X1x0!r+0A]):;@[#6H1X3x2r6+0a]-;!@[#1H0X1x0!r+0A]):;@[#6H0X3x2r6+0a:2]-;!@[#8H0X2x0!r+0A:3]-;!@[#6H3X4x0!r+0A:4](-;!@[#1H0X1x0!r+0A])(-;!@[#1H0X1x0!r+0A])-;!@[#1H0X1x0!r+0A],smirks_5_k3,0.0,0.0,0.0
23,[#6H1X3x2r6+0a:1](-;!@[#1H0X1x0!r+0A])(:;@[#6H0X3x2r6+0a](-;!@[#6H0X3x0!r+0A](=;!@[#8H0X1x0!r+0A])-;!@[#8H1X2x0!r+0A]-;!@[#1H0X1x0!r+0A]):;@[#6H1X3x2r6+0a](-;!@[#1H0X1x0!r+0A]):;@[#6H0X3x2r6+0a](:;@[#6H1X3x2r6+0a]-;!@[#1H0X1x0!r+0A])-;!@[#8H0X2x0!r+0A]-;!@[#6H0X3x2r6+0a](:;@[#6H1X3x2r6+0a](-;!@[#1H0X1x0!r+0A]):;@[#6H0X3x2r6+0a](:;@[#6H1X3x2r6+0a](-;!@[#1H0X1x0!r+0A]):;@[#6H0X3x2r6+0a]-;!@[#6H3X4x0!r+0A](-;!@[#1H0X1x0!r+0A])(-;!@[#1H0X1x0!r+0A])-;!@[#1H0X1x0!r+0A])-;!@[#8H0X2x0!r+0A]-;!@[#6H3X4x0!r+0A](-;!@[#1H0X1x0!r+0A])(-;!@[#1H0X1x0!r+0A])-;!@[#1H0X1x0!r+0A]):;@[#6H1X3x2r6+0a]-;!@[#1H0X1x0!r+0A]):;@[#6H0X3x2r6+0a:2]-;!@[#8H0X2x0!r+0A:3]-;!@[#6H3X4x0!r+0A:4](-;!@[#1H0X1x0!r+0A])(-;!@[#1H0X1x0!r+0A])-;!@[#1H0X1x0!r+0A],smirks_5_k4,0.0,0.0,0.0
24,[#6H1X3x2r6+0a:1](-;!@[#1H0X1x0!r+0A])(:;@[#6H0X3x2r6+0a](:;@[#6H1X3x2r6+0a](-;!@[#1H0X1x0!r+0A]):;@[#6H0X3x2r6+0a](-;!@[#6H0X3x0!r+0A](=;!@[#8H0X1x0!r+0A])-;!@[#8H1X2x0!r+0A]-;!@[#1H0X1x0!r+0A]):;@[#6H1X3x2r6+0a]-;!@[#1H0X1x0!r+0A])-;!@[#8H0X2x0!r+0A]-;!@[#6H0X3x2r6+0a](:;@[#6H1X3x2r6+0a](-;!@[#1H0X1x0!r+0A]):;@[#6H0X3x2r6+0a](:;@[#6H1X3x2r6+0a](-;!@[#1H0X1x0!r+0A]):;@[#6H0X3x2r6+0a]-;!@[#6H3X4x0!r+0A](-;!@[#1H0X1x0!r+0A])(-;!@[#1H0X1x0!r+0A])-;!@[#1H0X1x0!r+0A])-;!@[#8H0X2x0!r+0A]-;!@[#6H3X4x0!r+0A](-;!@[#1H0X1x0!r+0A])(-;!@[#1H0X1x0!r+0A])-;!@[#1H0X1x0!r+0A]):;@[#6H1X3x2r6+0a]-;!@[#1H0X1x0!r+0A]):;@[#6H0X3x2r6+0a:2]-;!@[#8H0X2x0!r+0A:3]-;!@[#6H3X4x0!r+0A:4](-;!@[#1H0X1x0!r+0A])(-;!@[#1H0X1x0!r+0A])-;!@[#1H0X1x0!r+0A],smirks_6_k1,0.0,0.0,0.0
25,[#6H1X3x2r6+0a:1](-;!@[#1H0X1x0!r+0A])(:;@[#6H0X3x2r6+0a](:;@[#6H1X3x2r6+0a](-;!@[#1H0X1x0!r+0A]):;@[#6H0X3x2r6+0a](-;!@[#6H0X3x0!r+0A](=;!@[#8H0X1x0!r+0A])-;!@[#8H1X2x0!r+0A]-;!@[#1H0X1x0!r+0A]):;@[#6H1X3x2r6+0a]-;!@[#1H0X1x0!r+0A])-;!@[#8H0X2x0!r+0A]-;!@[#6H0X3x2r6+0a](:;@[#6H1X3x2r6+0a](-;!@[#1H0X1x0!r+0A]):;@[#6H0X3x2r6+0a](:;@[#6H1X3x2r6+0a](-;!@[#1H0X1x0!r+0A]):;@[#6H0X3x2r6+0a]-;!@[#6H3X4x0!r+0A](-;!@[#1H0X1x0!r+0A])(-;!@[#1H0X1x0!r+0A])-;!@[#1H0X1x0!r+0A])-;!@[#8H0X2x0!r+0A]-;!@[#6H3X4x0!r+0A](-;!@[#1H0X1x0!r+0A])(-;!@[#1H0X1x0!r+0A])-;!@[#1H0X1x0!r+0A]):;@[#6H1X3x2r6+0a]-;!@[#1H0X1x0!r+0A]):;@[#6H0X3x2r6+0a:2]-;!@[#8H0X2x0!r+0A:3]-;!@[#6H3X4x0!r+0A:4](-;!@[#1H0X1x0!r+0A])(-;!@[#1H0X1x0!r+0A])-;!@[#1H0X1x0!r+0A],smirks_6_k2,1.346955794203,1.346955794203,0.0
26,[#6H1X3x2r6+0a:1](-;!@[#1H0X1x0!r+0A])(:;@[#6H0X3x2r6+0a](:;@[#6H1X3x2r6+0a](-;!@[#1H0X1x0!r+0A]):;@[#6H0X3x2r6+0a](-;!@[#6H0X3x0!r+0A](=;!@[#8H0X1x0!r+0A])-;!@[#8H1X2x0!r+0A]-;!@[#1H0X1x0!r+0A]):;@[#6H1X3x2r6+0a]-;!@[#1H0X1x0!r+0A])-;!@[#8H0X2x0!r+0A]-;!@[#6H0X3x2r6+0a](:;@[#6H1X3x2r6+0a](-;!@[#1H0X1x0!r+0A]):;@[#6H0X3x2r6+0a](:;@[#6H1X3x2r6+0a](-;!@[#1H0X1x0!r+0A]):;@[#6H0X3x2r6+0a]-;!@[#6H3X4x0!r+0A](-;!@[#1H0X1x0!r+0A])(-;!@[#1H0X1x0!r+0A])-;!@[#1H0X1x0!r+0A])-;!@[#8H0X2x0!r+0A]-;!@[#6H3X4x0!r+0A](-;!@[#1H0X1x0!r+0A])(-;!@[#1H0X1x0!r+0A])-;!@[#1H0X1x0!r+0A]):;@[#6H1X3x2r6+0a]-;!@[#1H0X1x0!r+0A]):;@[#6H0X3x2r6+0a:2]-;!@[#8H0X2x0!r+0A:3]-;!@[#6H3X4x0!r+0A:4](-;!@[#1H0X1x0!r+0A])(-;!@[#1H0X1x0!r+0A])-;!@[#1H0X1x0!r+0A],smirks_6_k3,0.0,0.0,0.0
27,[#6H1X3x2r6+0a:1](-;!@[#1H0X1x0!r+0A])(:;@[#6H0X3x2r6+0a](:;@[#6H1X3x2r6+0a](-;!@[#1H0X1x0!r+0A]):;@[#6H0X3x2r6+0a](-;!@[#6H0X3x0!r+0A](=;!@[#8H0X1x0!r+0A])-;!@[#8H1X2x0!r+0A]-;!@[#1H0X1x0!r+0A]):;@[#6H1X3x2r6+0a]-;!@[#1H0X1x0!r+0A])-;!@[#8H0X2x0!r+0A]-;!@[#6H0X3x2r6+0a](:;@[#6H1X3x2r6+0a](-;!@[#1H0X1x0!r+0A]):;@[#6H0X3x2r6+0a](:;@[#6H1X3x2r6+0a](-;!@[#1H0X1x0!r+0A]):;@[#6H0X3x2r6+0a]-;!@[#6H3X4x0!r+0A](-;!@[#1H0X1x0!r+0A])(-;!@[#1H0X1x0!r+0A])-;!@[#1H0X1x0!r+0A])-;!@[#8H0X2x0!r+0A]-;!@[#6H3X4x0!r+0A](-;!@[#1H0X1x0!r+0A])(-;!@[#1H0X1x0!r+0A])-;!@[#1H0X1x0!r+0A]):;@[#6H1X3x2r6+0a]-;!@[#1H0X1x0!r+0A]):;@[#6H0X3x2r6+0a:2]-;!@[#8H0X2x0!r+0A:3]-;!@[#6H3X4x0!r+0A:4](-;!@[#1H0X1x0!r+0A])(-;!@[#1H0X1x0!r+0A])-;!@[#1H0X1x0!r+0A],smirks_6_k4,0.0,0.0,0.0
28,"[#6H0X3x2r6+0a:1](:;@[#6H1X3x2r6+0a](-;!@[#1H0X1x0!r+0A]):;@[#6H0X3x2r6+0a](:;@[#6H1X3x2r6+0a](-;!@[#1H0X1x0!r+0A]):;@[#6H0X3x2r6+0a]-;!@[#6H3X4x0!r+0A,#8H0X2x0!r+0A]-;!@[#1H0X1x0!r+0A,#6H0X3x2r6+0a])-;!@[#6H3X4x0!r+0A,#8H0X2x0!r+0A]-;!@[#1H0X1x0!r+0A,#6H0X3x2r6+0a])(:;@[#6H1X3x2r6+0a]-;!@[#1H0X1x0!r+0A])-;!@[#8H0X2x0!r+0A:2]-;!@[#6H3X4x0!r+0A:3](-;!@[#1H0X1x0!r+0A])(-;!@[#1H0X1x0!r+0A])-;!@[#1H0X1x0!r+0A:4]",smirks_7_k1,0.0,0.0,0.0
29,"[#6H0X3x2r6+0a:1](:;@[#6H1X3x2r6+0a](-;!@[#1H0X1x0!r+0A]):;@[#6H0X3x2r6+0a](:;@[#6H1X3x2r6+0a](-;!@[#1H0X1x0!r+0A]):;@[#6H0X3x2r6+0a]-;!@[#6H3X4x0!r+0A,#8H0X2x0!r+0A]-;!@[#1H0X1x0!r+0A,#6H0X3x2r6+0a])-;!@[#6H3X4x0!r+0A,#8H0X2x0!r+0A]-;!@[#1H0X1x0!r+0A,#6H0X3x2r6+0a])(:;@[#6H1X3x2r6+0a]-;!@[#1H0X1x0!r+0A])-;!@[#8H0X2x0!r+0A:2]-;!@[#6H3X4x0!r+0A:3](-;!@[#1H0X1x0!r+0A])(-;!@[#1H0X1x0!r+0A])-;!@[#1H0X1x0!r+0A:4]",smirks_7_k2,0.0,0.0,0.0
30,"[#6H0X3x2r6+0a:1](:;@[#6H1X3x2r6+0a](-;!@[#1H0X1x0!r+0A]):;@[#6H0X3x2r6+0a](:;@[#6H1X3x2r6+0a](-;!@[#1H0X1x0!r+0A]):;@[#6H0X3x2r6+0a]-;!@[#6H3X4x0!r+0A,#8H0X2x0!r+0A]-;!@[#1H0X1x0!r+0A,#6H0X3x2r6+0a])-;!@[#6H3X4x0!r+0A,#8H0X2x0!r+0A]-;!@[#1H0X1x0!r+0A,#6H0X3x2r6+0a])(:;@[#6H1X3x2r6+0a]-;!@[#1H0X1x0!r+0A])-;!@[#8H0X2x0!r+0A:2]-;!@[#6H3X4x0!r+0A:3](-;!@[#1H0X1x0!r+0A])(-;!@[#1H0X1x0!r+0A])-;!@[#1H0X1x0!r+0A:4]",smirks_7_k3,-0.1559345915417,-0.1559345915417,0.0
31,"[#6H0X3x2r6+0a:1](:;@[#6H1X3x2r6+0a](-;!@[#1H0X1x0!r+0A]):;@[#6H0X3x2r6+0a](:;@[#6H1X3x2r6+0a](-;!@[#1H0X1x0!r+0A]):;@[#6H0X3x2r6+0a]-;!@[#6H3X4x0!r+0A,#8H0X2x0!r+0A]-;!@[#1H0X1x0!r+0A,#6H0X3x2r6+0a])-;!@[#6H3X4x0!r+0A,#8H0X2x0!r+0A]-;!@[#1H0X1x0!r+0A,#6H0X3x2r6+0a])(:;@[#6H1X3x2r6+0a]-;!@[#1H0X1x0!r+0A])-;!@[#8H0X2x0!r+0A:2]-;!@[#6H3X4x0!r+0A:3](-;!@[#1H0X1x0!r+0A])(-;!@[#1H0X1x0!r+0A])-;!@[#1H0X1x0!r+0A:4]",smirks_7_k4,0.0,0.0,0.0
32,[#6H1X3x2r6+0a:1](-;!@[#1H0X1x0!r+0A])(:;@[#6H0X3x2r6+0a](:;@[#6H1X3x2r6+0a](-;!@[#1H0X1x0!r+0A]):;@[#6H0X3x2r6+0a](-;!@[#6H0X3x0!r+0A](=;!@[#8H0X1x0!r+0A])-;!@[#8H1X2x0!r+0A]-;!@[#1H0X1x0!r+0A]):;@[#6H1X3x2r6+0a]-;!@[#1H0X1x0!r+0A])-;!@[#8H0X2x0!r+0A]-;!@[#6H3X4x0!r+0A](-;!@[#1H0X1x0!r+0A])(-;!@[#1H0X1x0!r+0A])-;!@[#1H0X1x0!r+0A]):;@[#6H0X3x2r6+0a:2]-;!@[#8H0X2x0!r+0A:3]-;!@[#6H0X3x2r6+0a:4](:;@[#6H1X3x2r6+0a](-;!@[#1H0X1x0!r+0A]):;@[#6H0X3x2r6+0a](:;@[#6H1X3x2r6+0a](-;!@[#1H0X1x0!r+0A]):;@[#6H0X3x2r6+0a]-;!@[#6H3X4x0!r+0A](-;!@[#1H0X1x0!r+0A])(-;!@[#1H0X1x0!r+0A])-;!@[#1H0X1x0!r+0A])-;!@[#8H0X2x0!r+0A]-;!@[#6H3X4x0!r+0A](-;!@[#1H0X1x0!r+0A])(-;!@[#1H0X1x0!r+0A])-;!@[#1H0X1x0!r+0A]):;@[#6H1X3x2r6+0a]-;!@[#1H0X1x0!r+0A],smirks_8_k1,0.0,0.0,0.0
33,[#6H1X3x2r6+0a:1](-;!@[#1H0X1x0!r+0A])(:;@[#6H0X3x2r6+0a](:;@[#6H1X3x2r6+0a](-;!@[#1H0X1x0!r+0A]):;@[#6H0X3x2r6+0a](-;!@[#6H0X3x0!r+0A](=;!@[#8H0X1x0!r+0A])-;!@[#8H1X2x0!r+0A]-;!@[#1H0X1x0!r+0A]):;@[#6H1X3x2r6+0a]-;!@[#1H0X1x0!r+0A])-;!@[#8H0X2x0!r+0A]-;!@[#6H3X4x0!r+0A](-;!@[#1H0X1x0!r+0A])(-;!@[#1H0X1x0!r+0A])-;!@[#1H0X1x0!r+0A]):;@[#6H0X3x2r6+0a:2]-;!@[#8H0X2x0!r+0A:3]-;!@[#6H0X3x2r6+0a:4](:;@[#6H1X3x2r6+0a](-;!@[#1H0X1x0!r+0A]):;@[#6H0X3x2r6+0a](:;@[#6H1X3x2r6+0a](-;!@[#1H0X1x0!r+0A]):;@[#6H0X3x2r6+0a]-;!@[#6H3X4x0!r+0A](-;!@[#1H0X1x0!r+0A])(-;!@[#1H0X1x0!r+0A])-;!@[#1H0X1x0!r+0A])-;!@[#8H0X2x0!r+0A]-;!@[#6H3X4x0!r+0A](-;!@[#1H0X1x0!r+0A])(-;!@[#1H0X1x0!r+0A])-;!@[#1H0X1x0!r+0A]):;@[#6H1X3x2r6+0a]-;!@[#1H0X1x0!r+0A],smirks_8_k2,1.346955794203,1.346955794203,0.0
34,[#6H1X3x2r6+0a:1](-;!@[#1H0X1x0!r+0A])(:;@[#6H0X3x2r6+0a](:;@[#6H1X3x2r6+0a](-;!@[#1H0X1x0!r+0A]):;@[#6H0X3x2r6+0a](-;!@[#6H0X3x0!r+0A](=;!@[#8H0X1x0!r+0A])-;!@[#8H1X2x0!r+0A]-;!@[#1H0X1x0!r+0A]):;@[#6H1X3x2r6+0a]-;!@[#1H0X1x0!r+0A])-;!@[#8H0X2x0!r+0A]-;!@[#6H3X4x0!r+0A](-;!@[#1H0X1x0!r+0A])(-;!@[#1H0X1x0!r+0A])-;!@[#1H0X1x0!r+0A]):;@[#6H0X3x2r6+0a:2]-;!@[#8H0X2x0!r+0A:3]-;!@[#6H0X3x2r6+0a:4](:;@[#6H1X3x2r6+0a](-;!@[#1H0X1x0!r+0A]):;@[#6H0X3x2r6+0a](:;@[#6H1X3x2r6+0a](-;!@[#1H0X1x0!r+0A]):;@[#6H0X3x2r6+0a]-;!@[#6H3X4x0!r+0A](-;!@[#1H0X1x0!r+0A])(-;!@[#1H0X1x0!r+0A])-;!@[#1H0X1x0!r+0A])-;!@[#8H0X2x0!r+0A]-;!@[#6H3X4x0!r+0A](-;!@[#1H0X1x0!r+0A])(-;!@[#1H0X1x0!r+0A])-;!@[#1H0X1x0!r+0A]):;@[#6H1X3x2r6+0a]-;!@[#1H0X1x0!r+0A],smirks_8_k3,0.0,0.0,0.0
35,[#6H1X3x2r6+0a:1](-;!@[#1H0X1x0!r+0A])(:;@[#6H0X3x2r6+0a](:;@[#6H1X3x2r6+0a](-;!@[#1H0X1x0!r+0A]):;@[#6H0X3x2r6+0a](-;!@[#6H0X3x0!r+0A](=;!@[#8H0X1x0!r+0A])-;!@[#8H1X2x0!r+0A]-;!@[#1H0X1x0!r+0A]):;@[#6H1X3x2r6+0a]-;!@[#1H0X1x0!r+0A])-;!@[#8H0X2x0!r+0A]-;!@[#6H3X4x0!r+0A](-;!@[#1H0X1x0!r+0A])(-;!@[#1H0X1x0!r+0A])-;!@[#1H0X1x0!r+0A]):;@[#6H0X3x2r6+0a:2]-;!@[#8H0X2x0!r+0A:3]-;!@[#6H0X3x2r6+0a:4](:;@[#6H1X3x2r6+0a](-;!@[#1H0X1x0!r+0A]):;@[#6H0X3x2r6+0a](:;@[#6H1X3x2r6+0a](-;!@[#1H0X1x0!r+0A]):;@[#6H0X3x2r6+0a]-;!@[#6H3X4x0!r+0A](-;!@[#1H0X1x0!r+0A])(-;!@[#1H0X1x0!r+0A])-;!@[#1H0X1x0!r+0A])-;!@[#8H0X2x0!r+0A]-;!@[#6H3X4x0!r+0A](-;!@[#1H0X1x0!r+0A])(-;!@[#1H0X1x0!r+0A])-;!@[#1H0X1x0!r+0A]):;@[#6H1X3x2r6+0a]-;!@[#1H0X1x0!r+0A],smirks_8_k4,0.0,0.0,0.0
36,[#6H1X3x2r6+0a:1](-;!@[#1H0X1x0!r+0A])(:;@[#6H0X3x2r6+0a](-;!@[#6H0X3x0!r+0A](=;!@[#8H0X1x0!r+0A])-;!@[#8H1X2x0!r+0A]-;!@[#1H0X1x0!r+0A]):;@[#6H1X3x2r6+0a](-;!@[#1H0X1x0!r+0A]):;@[#6H0X3x2r6+0a](:;@[#6H1X3x2r6+0a]-;!@[#1H0X1x0!r+0A])-;!@[#8H0X2x0!r+0A]-;!@[#6H3X4x0!r+0A](-;!@[#1H0X1x0!r+0A])(-;!@[#1H0X1x0!r+0A])-;!@[#1H0X1x0!r+0A]):;@[#6H0X3x2r6+0a:2]-;!@[#8H0X2x0!r+0A:3]-;!@[#6H0X3x2r6+0a:4](:;@[#6H1X3x2r6+0a](-;!@[#1H0X1x0!r+0A]):;@[#6H0X3x2r6+0a](:;@[#6H1X3x2r6+0a](-;!@[#1H0X1x0!r+0A]):;@[#6H0X3x2r6+0a]-;!@[#6H3X4x0!r+0A](-;!@[#1H0X1x0!r+0A])(-;!@[#1H0X1x0!r+0A])-;!@[#1H0X1x0!r+0A])-;!@[#8H0X2x0!r+0A]-;!@[#6H3X4x0!r+0A](-;!@[#1H0X1x0!r+0A])(-;!@[#1H0X1x0!r+0A])-;!@[#1H0X1x0!r+0A]):;@[#6H1X3x2r6+0a]-;!@[#1H0X1x0!r+0A],smirks_9_k1,0.0,0.0,0.0
37,[#6H1X3x2r6+0a:1](-;!@[#1H0X1x0!r+0A])(:;@[#6H0X3x2r6+0a](-;!@[#6H0X3x0!r+0A](=;!@[#8H0X1x0!r+0A])-;!@[#8H1X2x0!r+0A]-;!@[#1H0X1x0!r+0A]):;@[#6H1X3x2r6+0a](-;!@[#1H0X1x0!r+0A]):;@[#6H0X3x2r6+0a](:;@[#6H1X3x2r6+0a]-;!@[#1H0X1x0!r+0A])-;!@[#8H0X2x0!r+0A]-;!@[#6H3X4x0!r+0A](-;!@[#1H0X1x0!r+0A])(-;!@[#1H0X1x0!r+0A])-;!@[#1H0X1x0!r+0A]):;@[#6H0X3x2r6+0a:2]-;!@[#8H0X2x0!r+0A:3]-;!@[#6H0X3x2r6+0a:4](:;@[#6H1X3x2r6+0a](-;!@[#1H0X1x0!r+0A]):;@[#6H0X3x2r6+0a](:;@[#6H1X3x2r6+0a](-;!@[#1H0X1x0!r+0A]):;@[#6H0X3x2r6+0a]-;!@[#6H3X4x0!r+0A](-;!@[#1H0X1x0!r+0A])(-;!@[#1H0X1x0!r+0A])-;!@[#1H0X1x0!r+0A])-;!@[#8H0X2x0!r+0A]-;!@[#6H3X4x0!r+0A](-;!@[#1H0X1x0!r+0A])(-;!@[#1H0X1x0!r+0A])-;!@[#1H0X1x0!r+0A]):;@[#6H1X3x2r6+0a]-;!@[#1H0X1x0!r+0A],smirks_9_k2,1.346955794203,1.346955794203,0.0
38,[#6H1X3x2r6+0a:1](-;!@[#1H0X1x0!r+0A])(:;@[#6H0X3x2r6+0a](-;!@[#6H0X3x0!r+0A](=;!@[#8H0X1x0!r+0A])-;!@[#8H1X2x0!r+0A]-;!@[#1H0X1x0!r+0A]):;@[#6H1X3x2r6+0a](-;!@[#1H0X1x0!r+0A]):;@[#6H0X3x2r6+0a](:;@[#6H1X3x2r6+0a]-;!@[#1H0X1x0!r+0A])-;!@[#8H0X2x0!r+0A]-;!@[#6H3X4x0!r+0A](-;!@[#1H0X1x0!r+0A])(-;!@[#1H0X1x0!r+0A])-;!@[#1H0X1x0!r+0A]):;@[#6H0X3x2r6+0a:2]-;!@[#8H0X2x0!r+0A:3]-;!@[#6H0X3x2r6+0a:4](:;@[#6H1X3x2r6+0a](-;!@[#1H0X1x0!r+0A]):;@[#6H0X3x2r6+0a](:;@[#6H1X3x2r6+0a](-;!@[#1H0X1x0!r+0A]):;@[#6H0X3x2r6+0a]-;!@[#6H3X4x0!r+0A](-;!@[#1H0X1x0!r+0A])(-;!@[#1H0X1x0!r+0A])-;!@[#1H0X1x0!r+0A])-;!@[#8H0X2x0!r+0A]-;!@[#6H3X4x0!r+0A](-;!@[#1H0X1x0!r+0A])(-;!@[#1H0X1x0!r+0A])-;!@[#1H0X1x0!r+0A]):;@[#6H1X3x2r6+0a]-;!@[#1H0X1x0!r+0A],smirks_9_k3,0.0,0.0,0.0
39,[#6H1X3x2r6+0a:1](-;!@[#1H0X1x0!r+0A])(:;@[#6H0X3x2r6+0a](-;!@[#6H0X3x0!r+0A](=;!@[#8H0X1x0!r+0A])-;!@[#8H1X2x0!r+0A]-;!@[#1H0X1x0!r+0A]):;@[#6H1X3x2r6+0a](-;!@[#1H0X1x0!r+0A]):;@[#6H0X3x2r6+0a](:;@[#6H1X3x2r6+0a]-;!@[#1H0X1x0!r+0A])-;!@[#8H0X2x0!r+0A]-;!@[#6H3X4x0!r+0A](-;!@[#1H0X1x0!r+0A])(-;!@[#1H0X1x0!r+0A])-;!@[#1H0X1x0!r+0A]):;@[#6H0X3x2r6+0a:2]-;!@[#8H0X2x0!r+0A:3]-;!@[#6H0X3x2r6+0a:4](:;@[#6H1X3x2r6+0a](-;!@[#1H0X1x0!r+0A]):;@[#6H0X3x2r6+0a](:;@[#6H1X3x2r6+0a](-;!@[#1H0X1x0!r+0A]):;@[#6H0X3x2r6+0a]-;!@[#6H3X4x0!r+0A](-;!@[#1H0X1x0!r+0A])(-;!@[#1H0X1x0!r+0A])-;!@[#1H0X1x0!r+0A])-;!@[#8H0X2x0!r+0A]-;!@[#6H3X4x0!r+0A](-;!@[#1H0X1x0!r+0A])(-;!@[#1H0X1x0!r+0A])-;!@[#1H0X1x0!r+0A]):;@[#6H1X3x2r6+0a]-;!@[#1H0X1x0!r+0A],smirks_9_k4,0.0,0.0,0.0
40,"[#6H0X3x2r6+0a:1](:;@[#6H1X3x2r6+0a](-;!@[#1H0X1x0!r+0A]):;@[#6H0X3x2r6+0a,#6H1X3x2r6+0a](-;!@[#1H0X1x0!r+0A,#8H0X2x0!r+0A]):;@[#6H1X3x2r6+0a](-;!@[#1H0X1x0!r+0A]):;@[#6H0X3x2r6+0a,#6H1X3x2r6+0a]-;!@[#1H0X1x0!r+0A,#8H0X2x0!r+0A])(:;@[#6H1X3x2r6+0a]-;!@[#1H0X1x0!r+0A])-;!@[#6H0X3x0!r+0A:2](=;!@[#8H0X1x0!r+0A])-;!@[#8H1X2x0!r+0A:3]-;!@[#1H0X1x0!r+0A:4]",smirks_10_k1,0.0,-0.07745191597697,-0.07745191597697
41,"[#6H0X3x2r6+0a:1](:;@[#6H1X3x2r6+0a](-;!@[#1H0X1x0!r+0A]):;@[#6H0X3x2r6+0a,#6H1X3x2r6+0a](-;!@[#1H0X1x0!r+0A,#8H0X2x0!r+0A]):;@[#6H1X3x2r6+0a](-;!@[#1H0X1x0!r+0A]):;@[#6H0X3x2r6+0a,#6H1X3x2r6+0a]-;!@[#1H0X1x0!r+0A,#8H0X2x0!r+0A])(:;@[#6H1X3x2r6+0a]-;!@[#1H0X1x0!r+0A])-;!@[#6H0X3x0!r+0A:2](=;!@[#8H0X1x0!r+0A])-;!@[#8H1X2x0!r+0A:3]-;!@[#1H0X1x0!r+0A:4]",smirks_10_k2,2.529549774939,2.529548546988,-1.22795099999351e-06
42,"[#6H0X3x2r6+0a:1](:;@[#6H1X3x2r6+0a](-;!@[#1H0X1x0!r+0A]):;@[#6H0X3x2r6+0a,#6H1X3x2r6+0a](-;!@[#1H0X1x0!r+0A,#8H0X2x0!r+0A]):;@[#6H1X3x2r6+0a](-;!@[#1H0X1x0!r+0A]):;@[#6H0X3x2r6+0a,#6H1X3x2r6+0a]-;!@[#1H0X1x0!r+0A,#8H0X2x0!r+0A])(:;@[#6H1X3x2r6+0a]-;!@[#1H0X1x0!r+0A])-;!@[#6H0X3x0!r+0A:2](=;!@[#8H0X1x0!r+0A])-;!@[#8H1X2x0!r+0A:3]-;!@[#1H0X1x0!r+0A:4]",smirks_10_k3,0.0,-2.647399242632e-05,-2.647399242632e-05
43,"[#6H0X3x2r6+0a:1](:;@[#6H1X3x2r6+0a](-;!@[#1H0X1x0!r+0A]):;@[#6H0X3x2r6+0a,#6H1X3x2r6+0a](-;!@[#1H0X1x0!r+0A,#8H0X2x0!r+0A]):;@[#6H1X3x2r6+0a](-;!@[#1H0X1x0!r+0A]):;@[#6H0X3x2r6+0a,#6H1X3x2r6+0a]-;!@[#1H0X1x0!r+0A,#8H0X2x0!r+0A])(:;@[#6H1X3x2r6+0a]-;!@[#1H0X1x0!r+0A])-;!@[#6H0X3x0!r+0A:2](=;!@[#8H0X1x0!r+0A])-;!@[#8H1X2x0!r+0A:3]-;!@[#1H0X1x0!r+0A:4]",smirks_10_k4,0.0,-3.043746195228e-06,-3.043746195228e-06
44,"[#8H0X1x0!r+0A:1]=;!@[#6H0X3x0!r+0A:2](-;!@[#6H0X3x2r6+0a](:;@[#6H1X3x2r6+0a](-;!@[#1H0X1x0!r+0A]):;@[#6H0X3x2r6+0a,#6H1X3x2r6+0a](-;!@[#1H0X1x0!r+0A,#8H0X2x0!r+0A]):;@[#6H1X3x2r6+0a](-;!@[#1H0X1x0!r+0A]):;@[#6H0X3x2r6+0a,#6H1X3x2r6+0a]-;!@[#1H0X1x0!r+0A,#8H0X2x0!r+0A]):;@[#6H1X3x2r6+0a]-;!@[#1H0X1x0!r+0A])-;!@[#8H1X2x0!r+0A:3]-;!@[#1H0X1x0!r+0A:4]",smirks_11_k1,1.2372604498,1.336621729634,0.099361279834
45,"[#8H0X1x0!r+0A:1]=;!@[#6H0X3x0!r+0A:2](-;!@[#6H0X3x2r6+0a](:;@[#6H1X3x2r6+0a](-;!@[#1H0X1x0!r+0A]):;@[#6H0X3x2r6+0a,#6H1X3x2r6+0a](-;!@[#1H0X1x0!r+0A,#8H0X2x0!r+0A]):;@[#6H1X3x2r6+0a](-;!@[#1H0X1x0!r+0A]):;@[#6H0X3x2r6+0a,#6H1X3x2r6+0a]-;!@[#1H0X1x0!r+0A,#8H0X2x0!r+0A]):;@[#6H1X3x2r6+0a]-;!@[#1H0X1x0!r+0A])-;!@[#8H1X2x0!r+0A:3]-;!@[#1H0X1x0!r+0A:4]",smirks_11_k2,2.23244140273,2.232439659312,-1.7434180001885125e-06
46,"[#8H0X1x0!r+0A:1]=;!@[#6H0X3x0!r+0A:2](-;!@[#6H0X3x2r6+0a](:;@[#6H1X3x2r6+0a](-;!@[#1H0X1x0!r+0A]):;@[#6H0X3x2r6+0a,#6H1X3x2r6+0a](-;!@[#1H0X1x0!r+0A,#8H0X2x0!r+0A]):;@[#6H1X3x2r6+0a](-;!@[#1H0X1x0!r+0A]):;@[#6H0X3x2r6+0a,#6H1X3x2r6+0a]-;!@[#1H0X1x0!r+0A,#8H0X2x0!r+0A]):;@[#6H1X3x2r6+0a]-;!@[#1H0X1x0!r+0A])-;!@[#8H1X2x0!r+0A:3]-;!@[#1H0X1x0!r+0A:4]",smirks_11_k3,0.0,0.0630180624791,0.0630180624791
47,"[#8H0X1x0!r+0A:1]=;!@[#6H0X3x0!r+0A:2](-;!@[#6H0X3x2r6+0a](:;@[#6H1X3x2r6+0a](-;!@[#1H0X1x0!r+0A]):;@[#6H0X3x2r6+0a,#6H1X3x2r6+0a](-;!@[#1H0X1x0!r+0A,#8H0X2x0!r+0A]):;@[#6H1X3x2r6+0a](-;!@[#1H0X1x0!r+0A]):;@[#6H0X3x2r6+0a,#6H1X3x2r6+0a]-;!@[#1H0X1x0!r+0A,#8H0X2x0!r+0A]):;@[#6H1X3x2r6+0a]-;!@[#1H0X1x0!r+0A])-;!@[#8H1X2x0!r+0A:3]-;!@[#1H0X1x0!r+0A:4]",smirks_11_k4,0.0,-4.435857703845e-06,-4.435857703845e-06
48,[#6H1X3x2r6+0a:1](-;!@[#1H0X1x0!r+0A])(:;@[#6H0X3x2r6+0a](:;@[#6H1X3x2r6+0a](-;!@[#1H0X1x0!r+0A]):;@[#6H0X3x2r6+0a](:;@[#6H1X3x2r6+0a]-;!@[#1H0X1x0!r+0A])-;!@[#6H3X4x0!r+0A](-;!@[#1H0X1x0!r+0A])(-;!@[#1H0X1x0!r+0A])-;!@[#1H0X1x0!r+0A])-;!@[#8H0X2x0!r+0A]-;!@[#6H0X3x2r6+0a](:;@[#6H1X3x2r6+0a](-;!@[#1H0X1x0!r+0A]):;@[#6H0X3x2r6+0a](-;!@[#6H0X3x0!r+0A](=;!@[#8H0X1x0!r+0A])-;!@[#8H1X2x0!r+0A]-;!@[#1H0X1x0!r+0A]):;@[#6H1X3x2r6+0a](-;!@[#1H0X1x0!r+0A]):;@[#6H0X3x2r6+0a]-;!@[#8H0X2x0!r+0A]-;!@[#6H3X4x0!r+0A](-;!@[#1H0X1x0!r+0A])(-;!@[#1H0X1x0!r+0A])-;!@[#1H0X1x0!r+0A]):;@[#6H1X3x2r6+0a]-;!@[#1H0X1x0!r+0A]):;@[#6H0X3x2r6+0a:2]-;!@[#8H0X2x0!r+0A:3]-;!@[#6H3X4x0!r+0A:4](-;!@[#1H0X1x0!r+0A])(-;!@[#1H0X1x0!r+0A])-;!@[#1H0X1x0!r+0A],smirks_12_k1,0.0,0.0,0.0
49,[#6H1X3x2r6+0a:1](-;!@[#1H0X1x0!r+0A])(:;@[#6H0X3x2r6+0a](:;@[#6H1X3x2r6+0a](-;!@[#1H0X1x0!r+0A]):;@[#6H0X3x2r6+0a](:;@[#6H1X3x2r6+0a]-;!@[#1H0X1x0!r+0A])-;!@[#6H3X4x0!r+0A](-;!@[#1H0X1x0!r+0A])(-;!@[#1H0X1x0!r+0A])-;!@[#1H0X1x0!r+0A])-;!@[#8H0X2x0!r+0A]-;!@[#6H0X3x2r6+0a](:;@[#6H1X3x2r6+0a](-;!@[#1H0X1x0!r+0A]):;@[#6H0X3x2r6+0a](-;!@[#6H0X3x0!r+0A](=;!@[#8H0X1x0!r+0A])-;!@[#8H1X2x0!r+0A]-;!@[#1H0X1x0!r+0A]):;@[#6H1X3x2r6+0a](-;!@[#1H0X1x0!r+0A]):;@[#6H0X3x2r6+0a]-;!@[#8H0X2x0!r+0A]-;!@[#6H3X4x0!r+0A](-;!@[#1H0X1x0!r+0A])(-;!@[#1H0X1x0!r+0A])-;!@[#1H0X1x0!r+0A]):;@[#6H1X3x2r6+0a]-;!@[#1H0X1x0!r+0A]):;@[#6H0X3x2r6+0a:2]-;!@[#8H0X2x0!r+0A:3]-;!@[#6H3X4x0!r+0A:4](-;!@[#1H0X1x0!r+0A])(-;!@[#1H0X1x0!r+0A])-;!@[#1H0X1x0!r+0A],smirks_12_k2,1.346955794203,1.346955794203,0.0
50,[#6H1X3x2r6+0a:1](-;!@[#1H0X1x0!r+0A])(:;@[#6H0X3x2r6+0a](:;@[#6H1X3x2r6+0a](-;!@[#1H0X1x0!r+0A]):;@[#6H0X3x2r6+0a](:;@[#6H1X3x2r6+0a]-;!@[#1H0X1x0!r+0A])-;!@[#6H3X4x0!r+0A](-;!@[#1H0X1x0!r+0A])(-;!@[#1H0X1x0!r+0A])-;!@[#1H0X1x0!r+0A])-;!@[#8H0X2x0!r+0A]-;!@[#6H0X3x2r6+0a](:;@[#6H1X3x2r6+0a](-;!@[#1H0X1x0!r+0A]):;@[#6H0X3x2r6+0a](-;!@[#6H0X3x0!r+0A](=;!@[#8H0X1x0!r+0A])-;!@[#8H1X2x0!r+0A]-;!@[#1H0X1x0!r+0A]):;@[#6H1X3x2r6+0a](-;!@[#1H0X1x0!r+0A]):;@[#6H0X3x2r6+0a]-;!@[#8H0X2x0!r+0A]-;!@[#6H3X4x0!r+0A](-;!@[#1H0X1x0!r+0A])(-;!@[#1H0X1x0!r+0A])-;!@[#1H0X1x0!r+0A]):;@[#6H1X3x2r6+0a]-;!@[#1H0X1x0!r+0A]):;@[#6H0X3x2r6+0a:2]-;!@[#8H0X2x0!r+0A:3]-;!@[#6H3X4x0!r+0A:4](-;!@[#1H0X1x0!r+0A])(-;!@[#1H0X1x0!r+0A])-;!@[#1H0X1x0!r+0A],smirks_12_k3,0.0,0.0,0.0
51,[#6H1X3x2r6+0a:1](-;!@[#1H0X1x0!r+0A])(:;@[#6H0X3x2r6+0a](:;@[#6H1X3x2r6+0a](-;!@[#1H0X1x0!r+0A]):;@[#6H0X3x2r6+0a](:;@[#6H1X3x2r6+0a]-;!@[#1H0X1x0!r+0A])-;!@[#6H3X4x0!r+0A](-;!@[#1H0X1x0!r+0A])(-;!@[#1H0X1x0!r+0A])-;!@[#1H0X1x0!r+0A])-;!@[#8H0X2x0!r+0A]-;!@[#6H0X3x2r6+0a](:;@[#6H1X3x2r6+0a](-;!@[#1H0X1x0!r+0A]):;@[#6H0X3x2r6+0a](-;!@[#6H0X3x0!r+0A](=;!@[#8H0X1x0!r+0A])-;!@[#8H1X2x0!r+0A]-;!@[#1H0X1x0!r+0A]):;@[#6H1X3x2r6+0a](-;!@[#1H0X1x0!r+0A]):;@[#6H0X3x2r6+0a]-;!@[#8H0X2x0!r+0A]-;!@[#6H3X4x0!r+0A](-;!@[#1H0X1x0!r+0A])(-;!@[#1H0X1x0!r+0A])-;!@[#1H0X1x0!r+0A]):;@[#6H1X3x2r6+0a]-;!@[#1H0X1x0!r+0A]):;@[#6H0X3x2r6+0a:2]-;!@[#8H0X2x0!r+0A:3]-;!@[#6H3X4x0!r+0A:4](-;!@[#1H0X1x0!r+0A])(-;!@[#1H0X1x0!r+0A])-;!@[#1H0X1x0!r+0A],smirks_12_k4,0.0,0.0,0.0
52,[#6H1X3x2r6+0a:1](-;!@[#1H0X1x0!r+0A])(:;@[#6H0X3x2r6+0a](:;@[#6H1X3x2r6+0a](-;!@[#1H0X1x0!r+0A]):;@[#6H0X3x2r6+0a](:;@[#6H1X3x2r6+0a]-;!@[#1H0X1x0!r+0A])-;!@[#8H0X2x0!r+0A]-;!@[#6H0X3x2r6+0a](:;@[#6H1X3x2r6+0a](-;!@[#1H0X1x0!r+0A]):;@[#6H0X3x2r6+0a](-;!@[#6H0X3x0!r+0A](=;!@[#8H0X1x0!r+0A])-;!@[#8H1X2x0!r+0A]-;!@[#1H0X1x0!r+0A]):;@[#6H1X3x2r6+0a](-;!@[#1H0X1x0!r+0A]):;@[#6H0X3x2r6+0a]-;!@[#8H0X2x0!r+0A]-;!@[#6H3X4x0!r+0A](-;!@[#1H0X1x0!r+0A])(-;!@[#1H0X1x0!r+0A])-;!@[#1H0X1x0!r+0A]):;@[#6H1X3x2r6+0a]-;!@[#1H0X1x0!r+0A])-;!@[#6H3X4x0!r+0A](-;!@[#1H0X1x0!r+0A])(-;!@[#1H0X1x0!r+0A])-;!@[#1H0X1x0!r+0A]):;@[#6H0X3x2r6+0a:2]-;!@[#8H0X2x0!r+0A:3]-;!@[#6H3X4x0!r+0A:4](-;!@[#1H0X1x0!r+0A])(-;!@[#1H0X1x0!r+0A])-;!@[#1H0X1x0!r+0A],smirks_13_k1,0.0,0.0,0.0
53,[#6H1X3x2r6+0a:1](-;!@[#1H0X1x0!r+0A])(:;@[#6H0X3x2r6+0a](:;@[#6H1X3x2r6+0a](-;!@[#1H0X1x0!r+0A]):;@[#6H0X3x2r6+0a](:;@[#6H1X3x2r6+0a]-;!@[#1H0X1x0!r+0A])-;!@[#8H0X2x0!r+0A]-;!@[#6H0X3x2r6+0a](:;@[#6H1X3x2r6+0a](-;!@[#1H0X1x0!r+0A]):;@[#6H0X3x2r6+0a](-;!@[#6H0X3x0!r+0A](=;!@[#8H0X1x0!r+0A])-;!@[#8H1X2x0!r+0A]-;!@[#1H0X1x0!r+0A]):;@[#6H1X3x2r6+0a](-;!@[#1H0X1x0!r+0A]):;@[#6H0X3x2r6+0a]-;!@[#8H0X2x0!r+0A]-;!@[#6H3X4x0!r+0A](-;!@[#1H0X1x0!r+0A])(-;!@[#1H0X1x0!r+0A])-;!@[#1H0X1x0!r+0A]):;@[#6H1X3x2r6+0a]-;!@[#1H0X1x0!r+0A])-;!@[#6H3X4x0!r+0A](-;!@[#1H0X1x0!r+0A])(-;!@[#1H0X1x0!r+0A])-;!@[#1H0X1x0!r+0A]):;@[#6H0X3x2r6+0a:2]-;!@[#8H0X2x0!r+0A:3]-;!@[#6H3X4x0!r+0A:4](-;!@[#1H0X1x0!r+0A])(-;!@[#1H0X1x0!r+0A])-;!@[#1H0X1x0!r+0A],smirks_13_k2,1.346955794203,1.346955794203,0.0
54,[#6H1X3x2r6+0a:1](-;!@[#1H0X1x0!r+0A])(:;@[#6H0X3x2r6+0a](:;@[#6H1X3x2r6+0a](-;!@[#1H0X1x0!r+0A]):;@[#6H0X3x2r6+0a](:;@[#6H1X3x2r6+0a]-;!@[#1H0X1x0!r+0A])-;!@[#8H0X2x0!r+0A]-;!@[#6H0X3x2r6+0a](:;@[#6H1X3x2r6+0a](-;!@[#1H0X1x0!r+0A]):;@[#6H0X3x2r6+0a](-;!@[#6H0X3x0!r+0A](=;!@[#8H0X1x0!r+0A])-;!@[#8H1X2x0!r+0A]-;!@[#1H0X1x0!r+0A]):;@[#6H1X3x2r6+0a](-;!@[#1H0X1x0!r+0A]):;@[#6H0X3x2r6+0a]-;!@[#8H0X2x0!r+0A]-;!@[#6H3X4x0!r+0A](-;!@[#1H0X1x0!r+0A])(-;!@[#1H0X1x0!r+0A])-;!@[#1H0X1x0!r+0A]):;@[#6H1X3x2r6+0a]-;!@[#1H0X1x0!r+0A])-;!@[#6H3X4x0!r+0A](-;!@[#1H0X1x0!r+0A])(-;!@[#1H0X1x0!r+0A])-;!@[#1H0X1x0!r+0A]):;@[#6H0X3x2r6+0a:2]-;!@[#8H0X2x0!r+0A:3]-;!@[#6H3X4x0!r+0A:4](-;!@[#1H0X1x0!r+0A])(-;!@[#1H0X1x0!r+0A])-;!@[#1H0X1x0!r+0A],smirks_13_k3,0.0,0.0,0.0
55,[#6H1X3x2r6+0a:1](-;!@[#1H0X1x0!r+0A])(:;@[#6H0X3x2r6+0a](:;@[#6H1X3x2r6+0a](-;!@[#1H0X1x0!r+0A]):;@[#6H0X3x2r6+0a](:;@[#6H1X3x2r6+0a]-;!@[#1H0X1x0!r+0A])-;!@[#8H0X2x0!r+0A]-;!@[#6H0X3x2r6+0a](:;@[#6H1X3x2r6+0a](-;!@[#1H0X1x0!r+0A]):;@[#6H0X3x2r6+0a](-;!@[#6H0X3x0!r+0A](=;!@[#8H0X1x0!r+0A])-;!@[#8H1X2x0!r+0A]-;!@[#1H0X1x0!r+0A]):;@[#6H1X3x2r6+0a](-;!@[#1H0X1x0!r+0A]):;@[#6H0X3x2r6+0a]-;!@[#8H0X2x0!r+0A]-;!@[#6H3X4x0!r+0A](-;!@[#1H0X1x0!r+0A])(-;!@[#1H0X1x0!r+0A])-;!@[#1H0X1x0!r+0A]):;@[#6H1X3x2r6+0a]-;!@[#1H0X1x0!r+0A])-;!@[#6H3X4x0!r+0A](-;!@[#1H0X1x0!r+0A])(-;!@[#1H0X1x0!r+0A])-;!@[#1H0X1x0!r+0A]):;@[#6H0X3x2r6+0a:2]-;!@[#8H0X2x0!r+0A:3]-;!@[#6H3X4x0!r+0A:4](-;!@[#1H0X1x0!r+0A])(-;!@[#1H0X1x0!r+0A])-;!@[#1H0X1x0!r+0A],smirks_13_k4,0.0,0.0,0.0
56,"[#6H1X3x2r6+0a:1](-;!@[#1H0X1x0!r+0A])(:;@[#6H0X3x2r6+0a,#6H1X3x2r6+0a](-;!@[#1H0X1x0!r+0A,#8H0X2x0!r+0A]):;@[#6H1X3x2r6+0a](-;!@[#1H0X1x0!r+0A]):;@[#6H0X3x2r6+0a,#6H1X3x2r6+0a](-;!@[#1H0X1x0!r+0A,#8H0X2x0!r+0A]):;@[#6H1X3x2r6+0a]-;!@[#1H0X1x0!r+0A]):;@[#6H0X3x2r6+0a:2]-;!@[#6H0X3x0!r+0A:3](=;!@[#8H0X1x0!r+0A])-;!@[#8H1X2x0!r+0A:4]-;!@[#1H0X1x0!r+0A]",smirks_14_k1,0.0,0.0,0.0
57,"[#6H1X3x2r6+0a:1](-;!@[#1H0X1x0!r+0A])(:;@[#6H0X3x2r6+0a,#6H1X3x2r6+0a](-;!@[#1H0X1x0!r+0A,#8H0X2x0!r+0A]):;@[#6H1X3x2r6+0a](-;!@[#1H0X1x0!r+0A]):;@[#6H0X3x2r6+0a,#6H1X3x2r6+0a](-;!@[#1H0X1x0!r+0A,#8H0X2x0!r+0A]):;@[#6H1X3x2r6+0a]-;!@[#1H0X1x0!r+0A]):;@[#6H0X3x2r6+0a:2]-;!@[#6H0X3x0!r+0A:3](=;!@[#8H0X1x0!r+0A])-;!@[#8H1X2x0!r+0A:4]-;!@[#1H0X1x0!r+0A]",smirks_14_k2,1.090788079768,1.090788079768,0.0
58,"[#6H1X3x2r6+0a:1](-;!@[#1H0X1x0!r+0A])(:;@[#6H0X3x2r6+0a,#6H1X3x2r6+0a](-;!@[#1H0X1x0!r+0A,#8H0X2x0!r+0A]):;@[#6H1X3x2r6+0a](-;!@[#1H0X1x0!r+0A]):;@[#6H0X3x2r6+0a,#6H1X3x2r6+0a](-;!@[#1H0X1x0!r+0A,#8H0X2x0!r+0A]):;@[#6H1X3x2r6+0a]-;!@[#1H0X1x0!r+0A]):;@[#6H0X3x2r6+0a:2]-;!@[#6H0X3x0!r+0A:3](=;!@[#8H0X1x0!r+0A])-;!@[#8H1X2x0!r+0A:4]-;!@[#1H0X1x0!r+0A]",smirks_14_k3,0.0,0.0,0.0
59,"[#6H1X3x2r6+0a:1](-;!@[#1H0X1x0!r+0A])(:;@[#6H0X3x2r6+0a,#6H1X3x2r6+0a](-;!@[#1H0X1x0!r+0A,#8H0X2x0!r+0A]):;@[#6H1X3x2r6+0a](-;!@[#1H0X1x0!r+0A]):;@[#6H0X3x2r6+0a,#6H1X3x2r6+0a](-;!@[#1H0X1x0!r+0A,#8H0X2x0!r+0A]):;@[#6H1X3x2r6+0a]-;!@[#1H0X1x0!r+0A]):;@[#6H0X3x2r6+0a:2]-;!@[#6H0X3x0!r+0A:3](=;!@[#8H0X1x0!r+0A])-;!@[#8H1X2x0!r+0A:4]-;!@[#1H0X1x0!r+0A]",smirks_14_k4,0.0,0.0,0.0
60,"[#6H1X3x2r6+0a:1](-;!@[#1H0X1x0!r+0A])(:;@[#6H0X3x2r6+0a,#6H1X3x2r6+0a](-;!@[#1H0X1x0!r+0A,#8H0X2x0!r+0A]):;@[#6H1X3x2r6+0a](-;!@[#1H0X1x0!r+0A]):;@[#6H0X3x2r6+0a,#6H1X3x2r6+0a](-;!@[#1H0X1x0!r+0A,#8H0X2x0!r+0A]):;@[#6H1X3x2r6+0a]-;!@[#1H0X1x0!r+0A]):;@[#6H0X3x2r6+0a:2]-;!@[#6H0X3x0!r+0A:3](-;!@[#8H1X2x0!r+0A]-;!@[#1H0X1x0!r+0A])=;!@[#8H0X1x0!r+0A:4]",smirks_15_k1,0.0,0.0,0.0
61,"[#6H1X3x2r6+0a:1](-;!@[#1H0X1x0!r+0A])(:;@[#6H0X3x2r6+0a,#6H1X3x2r6+0a](-;!@[#1H0X1x0!r+0A,#8H0X2x0!r+0A]):;@[#6H1X3x2r6+0a](-;!@[#1H0X1x0!r+0A]):;@[#6H0X3x2r6+0a,#6H1X3x2r6+0a](-;!@[#1H0X1x0!r+0A,#8H0X2x0!r+0A]):;@[#6H1X3x2r6+0a]-;!@[#1H0X1x0!r+0A]):;@[#6H0X3x2r6+0a:2]-;!@[#6H0X3x0!r+0A:3](-;!@[#8H1X2x0!r+0A]-;!@[#1H0X1x0!r+0A])=;!@[#8H0X1x0!r+0A:4]",smirks_15_k2,1.090788079768,1.090788079768,0.0
62,"[#6H1X3x2r6+0a:1](-;!@[#1H0X1x0!r+0A])(:;@[#6H0X3x2r6+0a,#6H1X3x2r6+0a](-;!@[#1H0X1x0!r+0A,#8H0X2x0!r+0A]):;@[#6H1X3x2r6+0a](-;!@[#1H0X1x0!r+0A]):;@[#6H0X3x2r6+0a,#6H1X3x2r6+0a](-;!@[#1H0X1x0!r+0A,#8H0X2x0!r+0A]):;@[#6H1X3x2r6+0a]-;!@[#1H0X1x0!r+0A]):;@[#6H0X3x2r6+0a:2]-;!@[#6H0X3x0!r+0A:3](-;!@[#8H1X2x0!r+0A]-;!@[#1H0X1x0!r+0A])=;!@[#8H0X1x0!r+0A:4]",smirks_15_k3,0.0,0.0,0.0
63,"[#6H1X3x2r6+0a:1](-;!@[#1H0X1x0!r+0A])(:;@[#6H0X3x2r6+0a,#6H1X3x2r6+0a](-;!@[#1H0X1x0!r+0A,#8H0X2x0!r+0A]):;@[#6H1X3x2r6+0a](-;!@[#1H0X1x0!r+0A]):;@[#6H0X3x2r6+0a,#6H1X3x2r6+0a](-;!@[#1H0X1x0!r+0A,#8H0X2x0!r+0A]):;@[#6H1X3x2r6+0a]-;!@[#1H0X1x0!r+0A]):;@[#6H0X3x2r6+0a:2]-;!@[#6H0X3x0!r+0A:3](-;!@[#8H1X2x0!r+0A]-;!@[#1H0X1x0!r+0A])=;!@[#8H0X1x0!r+0A:4]",smirks_15_k4,0.0,0.0,0.0
